{"cameraMode":{"drawMode":0,"name":"Shaded","section":"Shading Mode"},"sceneLighting":false,"audioPlay":false,"sceneViewState":{"showFog":true,"showMaterialUpdate":false,"showSkybox":true,"showFlares":true,"showImageEffects":true,"showParticleSystems":true},"in2DMode":false,"pivot":{"x":-0.025981009006500245,"y":0.2388216257095337,"z":-0.1589004397392273},"rotation":{"x":0.2243265062570572,"y":0.12966188788414002,"z":-0.030157485976815225,"w":0.9653786420822144},"size":1.2798255681991578,"orthographic":false}