{"cameraMode":{"drawMode":0,"name":"Shaded","section":"Shading Mode"},"sceneLighting":false,"audioPlay":false,"sceneViewState":{"showFog":true,"showMaterialUpdate":false,"showSkybox":true,"showFlares":true,"showImageEffects":true,"showParticleSystems":true},"in2DMode":false,"pivot":{"x":19.36444664001465,"y":7.825314521789551,"z":62.58564376831055},"rotation":{"x":-0.40377429127693179,"y":0.10910158604383469,"z":-0.04855014383792877,"w":-0.9070314168930054},"size":3.298100233078003,"orthographic":false}