{"cameraMode":{"drawMode":0,"name":"Shaded","section":"Shading Mode"},"sceneLighting":false,"audioPlay":false,"sceneViewState":{"showFog":true,"showMaterialUpdate":false,"showSkybox":true,"showFlares":true,"showImageEffects":true,"showParticleSystems":true},"in2DMode":false,"pivot":{"x":16.850000381469728,"y":1.3299999237060547,"z":-0.30000007152557375},"rotation":{"x":-0.19915293157100678,"y":-0.668109655380249,"z":0.19272318482398988,"w":-0.6905253529548645},"size":4.041658401489258,"orthographic":false}