{"cameraMode":{"drawMode":0,"name":"Shaded","section":"Shading Mode"},"sceneLighting":false,"audioPlay":false,"sceneViewState":{"showFog":true,"showMaterialUpdate":false,"showSkybox":true,"showFlares":true,"showImageEffects":true,"showParticleSystems":true},"in2DMode":false,"pivot":{"x":0.017000027000904084,"y":0.3700000047683716,"z":3.171999931335449},"rotation":{"x":0.22962817549705506,"y":-0.6680756211280823,"z":0.22904928028583527,"w":0.6696882843971252},"size":1.1783357858657838,"orthographic":false}