{"cameraMode":{"drawMode":0,"name":"Shaded","section":"Shading Mode"},"sceneLighting":false,"audioPlay":false,"sceneViewState":{"showFog":true,"showMaterialUpdate":false,"showSkybox":true,"showFlares":true,"showImageEffects":true,"showParticleSystems":true},"in2DMode":false,"pivot":{"x":-0.14314395189285279,"y":0.5114948749542236,"z":-0.41757267713546755},"rotation":{"x":0.4826905429363251,"y":0.41044577956199648,"z":-0.2738577127456665,"w":0.7235648036003113},"size":2.10935115814209,"orthographic":false}