{"cameraMode":{"drawMode":0,"name":"Shaded","section":"Shading Mode"},"sceneLighting":false,"audioPlay":false,"sceneViewState":{"showFog":true,"showMaterialUpdate":false,"showSkybox":true,"showFlares":true,"showImageEffects":true,"showParticleSystems":true},"in2DMode":false,"pivot":{"x":-0.06622709333896637,"y":0.254964679479599,"z":0.20322394371032716},"rotation":{"x":0.1306189000606537,"y":0.8294228911399841,"z":-0.49755313992500307,"w":0.2178010642528534},"size":0.3951929211616516,"orthographic":false}