{"cameraMode":{"drawMode":0,"name":"Shaded","section":"Shading Mode"},"sceneLighting":false,"audioPlay":false,"sceneViewState":{"showFog":true,"showMaterialUpdate":false,"showSkybox":true,"showFlares":true,"showImageEffects":true,"showParticleSystems":true},"in2DMode":false,"pivot":{"x":0.0,"y":0.07568679749965668,"z":2.9802322387695315e-8},"rotation":{"x":0.49907928705215456,"y":0.10476914793252945,"z":-0.06097159907221794,"w":0.8580360412597656},"size":1.0823335647583008,"orthographic":false}