{"cameraMode":{"drawMode":0,"name":"Shaded","section":"Shading Mode"},"sceneLighting":false,"audioPlay":false,"sceneViewState":{"showFog":true,"showMaterialUpdate":false,"showSkybox":true,"showFlares":true,"showImageEffects":true,"showParticleSystems":true},"in2DMode":false,"pivot":{"x":0.49057862162590029,"y":-2.1803712844848635,"z":1.3413047790527344},"rotation":{"x":0.5000243186950684,"y":0.15167014300823213,"z":-0.08947421610355377,"w":0.8479188084602356},"size":3.819530725479126,"orthographic":false}