{"cameraMode":{"drawMode":0,"name":"Shaded","section":"Shading Mode"},"sceneLighting":false,"audioPlay":false,"sceneViewState":{"showFog":true,"showMaterialUpdate":false,"showSkybox":true,"showFlares":true,"showImageEffects":true,"showParticleSystems":true},"in2DMode":false,"pivot":{"x":-0.004810333251953125,"y":0.027626510709524156,"z":-0.11066150665283203},"rotation":{"x":0.2470913827419281,"y":0.7493506669998169,"z":-0.4743465781211853,"w":0.39040327072143557},"size":1.6139475107192994,"orthographic":false}